Year,Official Maize (kg/ha),FAO Maize (kg/ha),Harmonized Maize (kg/ha),Trend Maize (kg/ha),10-year Moving Average Maize (kg/ha),Yield Anomaly Maize (kg/ha),Yield Anomaly Maize (fraction),2023-equivalent yield Maize (kg/ha),2023-equivalent anomaly Maize (kg/ha),Official Beans (kg/ha),FAO Beans (kg/ha),Harmonized Beans (kg/ha),Trend Beans (kg/ha),10-year Moving Average Beans (kg/ha),Yield Anomaly Beans (kg/ha),Yield Anomaly Beans (fraction),2023-equivalent yield Beans (kg/ha),2023-equivalent anomaly Beans (kg/ha),Official Sorghum (kg/ha),FAO Sorghum (kg/ha),Harmonized Sorghum (kg/ha),Trend Sorghum (kg/ha),10-year Moving Average Sorghum (kg/ha),Yield Anomaly Sorghum (kg/ha),Yield Anomaly Sorghum (fraction),2023-equivalent yield Sorghum (kg/ha),2023-equivalent anomaly Sorghum (kg/ha)
1961,,927.9,927.9,1117.13,1082.2,-189.23,-0.17,2684.78,-547.52,,488.1,488.1,627.22,569.78,-139.12,-0.22,771.36,-219.85,,859.8,859.8,974.79,943.66,-114.99,-0.12,1498.17,-200.37
1962,,1076.5,1076.5,1150.7,1115.3,-74.2,-0.06,3023.86,-208.44,,557.8,557.8,632.99,572.32,-75.19,-0.12,873.46,-117.75,,950.5,950.5,986.28,964.02,-35.78,-0.04,1636.92,-61.61
1963,,1199.2,1199.2,1184.28,1111.47,14.92,0.01,3273.02,40.73,,520.5,520.5,638.77,578.46,-118.27,-0.19,807.68,-183.53,,950.1,950.1,997.77,974.96,-47.67,-0.05,1617.39,-81.14
1964,,1156.0,1156.0,1217.85,1133.71,-61.85,-0.05,3068.13,-164.16,,579.0,579.0,644.55,590.05,-65.55,-0.1,890.4,-100.8,,1007.2,1007.2,1009.25,989.58,-2.05,-0.0,1695.08,-3.46
1965,,1051.4,1051.4,1251.43,1167.43,-200.03,-0.16,2715.65,-516.65,,703.5,703.5,650.33,613.33,53.17,0.08,1072.25,81.04,,950.7,950.7,1020.74,1004.67,-70.04,-0.07,1581.98,-116.55
1966,,1280.8,1280.8,1285.0,1226.99,-4.2,-0.0,3221.73,-10.57,,585.0,585.0,656.11,634.72,-71.11,-0.11,883.79,-107.42,,1065.8,1065.8,1032.23,1022.73,33.57,0.03,1753.78,55.24
1967,,1088.5,1088.5,1318.57,1313.64,-230.07,-0.17,2668.3,-564.0,,615.3,615.3,661.88,672.38,-46.58,-0.07,921.45,-69.76,,1040.6,1040.6,1043.72,1060.88,-3.12,-0.0,1693.46,-5.07
1968,,1289.4,1289.4,1352.15,1321.52,-62.75,-0.05,3082.3,-150.0,,671.2,671.2,667.66,685.46,3.54,0.01,996.46,5.26,,1091.9,1091.9,1055.21,1077.59,36.69,0.03,1757.6,59.07
1969,,1437.2,1437.2,1385.72,1403.26,51.48,0.04,3352.37,120.07,,799.6,799.6,673.44,716.49,126.16,0.19,1176.9,185.69,,1125.4,1125.4,1066.69,1114.01,58.71,0.06,1792.02,93.48
1970,,1763.0,1763.0,1419.3,1454.47,343.7,0.24,4015.04,782.75,,827.2,827.2,679.22,724.08,147.98,0.22,1207.17,215.96,,1185.3,1185.3,1078.18,1116.19,107.12,0.1,1867.29,168.75
1971,,1794.4,1794.4,1452.87,1527.75,341.53,0.24,3992.12,759.82,,864.7,864.7,684.99,724.7,179.71,0.26,1251.25,260.04,,1241.3,1241.3,1089.67,1153.17,151.63,0.14,1934.89,236.36
1972,,1155.3,1155.3,1486.45,1545.91,-331.15,-0.22,2512.22,-720.08,,688.6,688.6,690.77,741.89,-2.17,-0.0,988.09,-3.11,,1117.6,1117.6,1101.16,1171.73,16.44,0.01,1723.9,25.36
1973,,2016.6,2016.6,1520.02,1592.15,496.58,0.33,4288.27,1055.97,,830.8,830.8,696.55,744.52,134.25,0.19,1182.25,191.04,,1314.3,1314.3,1112.65,1182.0,201.65,0.18,2006.37,307.84
1974,,1668.1,1668.1,1553.59,1655.0,114.51,0.07,3470.53,238.23,,654.9,654.9,702.33,760.34,-47.43,-0.07,924.27,-66.93,,1029.0,1029.0,1124.13,1191.11,-95.13,-0.08,1554.79,-143.74
1975,,1784.2,1784.2,1587.17,1700.87,197.03,0.12,3633.56,401.26,,709.7,709.7,708.1,764.91,1.6,0.0,993.44,2.23,,1320.5,1320.5,1135.62,1190.4,184.88,0.16,1975.05,276.52
1976,,1462.4,1462.4,1620.74,1706.1,-158.34,-0.1,2916.51,-315.79,,756.9,756.9,713.88,756.55,43.02,0.06,1050.94,59.73,,1251.4,1251.4,1147.11,1188.94,104.29,0.09,1852.96,154.42
1977,,1550.9,1550.9,1654.32,1707.64,-103.42,-0.06,3030.24,-202.06,,641.6,641.6,719.66,766.08,-78.06,-0.11,883.69,-107.51,,1143.3,1143.3,1158.6,1182.43,-15.3,-0.01,1676.11,-22.43
1978,,1917.9,1917.9,1687.89,1765.55,230.01,0.14,3672.77,440.47,,829.4,829.4,725.44,765.91,103.96,0.14,1133.26,142.05,,1183.0,1183.0,1170.09,1175.04,12.91,0.01,1717.28,18.75
1979,,1895.9,1895.9,1721.46,1747.38,174.44,0.1,3559.83,327.53,,845.3,845.3,731.21,757.79,114.09,0.16,1145.86,154.65,,1118.3,1118.3,1181.57,1154.95,-63.27,-0.05,1607.58,-90.96
1980,,1815.3,1815.3,1755.04,1797.19,60.26,0.03,3343.28,110.99,,743.6,743.6,736.99,776.41,6.61,0.01,1000.1,8.89,,1170.7,1170.7,1193.06,1172.95,-22.36,-0.02,1666.7,-31.84
1981,,1809.8,1809.8,1788.61,1814.21,21.19,0.01,3270.59,38.29,,960.0,960.0,742.77,764.7,217.23,0.29,1281.1,289.89,,1176.2,1176.2,1204.55,1156.84,-28.35,-0.02,1658.56,-39.98
1982,,1734.4,1734.4,1822.19,1837.57,-87.79,-0.05,3076.58,-155.72,,686.9,686.9,748.55,770.49,-61.65,-0.08,909.58,-81.63,,1043.7,1043.7,1216.04,1154.58,-172.34,-0.14,1457.82,-240.72
1983,,1834.9,1834.9,1855.76,1889.86,-20.86,-0.01,3195.96,-36.33,,749.6,749.6,754.32,745.63,-4.72,-0.01,985.0,-6.21,,1113.4,1113.4,1227.53,1061.0,-114.13,-0.09,1540.62,-157.92
1984,,2166.2,2166.2,1889.33,1909.44,276.87,0.15,3705.96,473.67,,841.1,841.1,760.1,747.48,81.0,0.11,1096.83,105.62,,1209.0,1209.0,1239.01,1068.42,-30.01,-0.02,1657.39,-41.15
1985,,1954.4,1954.4,1922.91,1932.86,31.49,0.02,3285.23,52.94,,592.6,592.6,765.88,732.58,-173.28,-0.23,766.95,-224.26,,1159.4,1159.4,1250.5,1081.55,-91.1,-0.07,1574.79,-123.74
1986,,1696.0,1696.0,1956.48,1965.16,-260.48,-0.13,2801.96,-430.34,,814.8,814.8,771.66,742.29,43.14,0.06,1046.62,55.42,,1228.8,1228.8,1261.99,1088.71,-33.19,-0.03,1653.86,-44.67
1987,,2073.8,2073.8,1990.06,1948.66,83.74,0.04,3368.32,136.02,,393.0,393.0,777.44,733.13,-384.44,-0.49,501.06,-490.14,,207.5,207.5,1273.48,1103.37,-1065.98,-0.84,276.76,-1421.78
1988,,2113.7,2113.7,2023.63,1995.11,90.07,0.04,3376.16,143.87,,847.9,847.9,783.21,742.69,64.69,0.08,1073.07,81.87,,1257.2,1257.2,1284.97,1142.83,-27.77,-0.02,1661.83,-36.7
1989,,2130.1,2130.1,2057.2,2016.44,72.9,0.04,3346.83,114.53,,696.3,696.3,788.99,751.32,-92.69,-0.12,874.76,-116.45,,1249.6,1249.6,1296.45,1184.03,-46.85,-0.04,1637.15,-61.39
1990,,2138.3,2138.3,2090.78,1952.27,47.52,0.02,3305.76,73.47,,840.7,840.7,794.77,749.85,45.93,0.06,1048.49,57.28,,1242.3,1242.3,1307.94,1212.74,-65.64,-0.05,1613.29,-85.25
1991,,1644.8,1644.8,2124.35,1976.55,-479.55,-0.23,2502.64,-729.66,,868.4,868.4,800.55,774.95,67.85,0.08,1075.22,84.01,,1322.8,1322.8,1319.43,1246.5,3.37,0.0,1702.87,4.34
1992,,2198.9,2198.9,2157.93,2032.67,40.97,0.02,3293.67,61.37,,782.5,782.5,806.32,780.79,-23.82,-0.03,961.92,-29.29,,1438.3,1438.3,1330.92,1276.04,107.38,0.08,1835.58,137.04
1993,,2048.2,2048.2,2191.5,1991.11,-143.3,-0.07,3020.94,-211.36,,835.9,835.9,812.1,822.84,23.8,0.03,1020.26,29.05,,1525.4,1525.4,1342.41,1415.79,182.99,0.14,1930.08,231.54
1994,,1524.5,1524.5,2225.07,1970.36,-700.57,-0.31,2214.59,-1017.7,,826.4,826.4,817.88,797.76,8.52,0.01,1001.53,10.33,,1496.1,1496.1,1353.89,1444.28,142.21,0.11,1876.94,178.4
1995,,2197.2,2197.2,2258.65,2007.82,-61.45,-0.03,3144.36,-87.94,,843.6,843.6,823.66,817.48,19.94,0.02,1015.21,24.0,,1497.0,1497.0,1365.38,1450.43,131.62,0.1,1862.27,163.73
1996,,2257.2,2257.2,2292.22,2018.85,-35.02,-0.02,3182.91,-49.39,,873.2,873.2,829.43,821.1,43.77,0.05,1043.51,52.3,,1524.2,1524.2,1376.87,1484.83,147.33,0.11,1880.28,181.75
1997,,1658.2,1658.2,2325.8,2048.77,-667.6,-0.29,2304.5,-927.8,,813.5,813.5,835.21,822.27,-21.71,-0.03,965.44,-25.77,,1605.0,1605.0,1388.36,1507.07,216.64,0.16,1963.58,265.04
1998,,1906.2,1906.2,2359.37,2089.42,-453.17,-0.19,2611.46,-620.84,,597.1,597.1,840.99,843.41,-243.89,-0.29,703.75,-287.45,,1542.1,1542.1,1399.85,1547.61,142.25,0.1,1871.14,172.61
1999,2504.69,2504.7,2504.69,2392.95,2162.17,111.74,0.05,3383.23,150.94,893.48,893.5,893.48,846.77,860.38,46.71,0.06,1045.89,54.68,1311.09,1311.1,1311.09,1411.33,1556.59,-100.25,-0.07,1577.89,-120.65
2000,2248.59,2247.5,2248.59,2426.52,2313.78,-177.93,-0.07,2995.28,-237.01,876.9,862.5,876.9,852.54,884.82,24.35,0.03,1019.52,28.32,1586.3,1585.5,1586.3,1422.82,1575.72,163.48,0.11,1893.69,195.16
2001,1944.06,1943.1,1944.06,2460.09,2417.26,-516.04,-0.21,2554.28,-678.02,880.17,879.7,880.17,858.32,880.17,21.85,0.03,1016.44,25.23,1545.25,1544.5,1545.25,1434.31,1578.72,110.94,0.08,1829.92,131.38
2002,2605.41,2604.1,2605.41,2493.67,2446.51,111.74,0.04,3377.14,144.84,993.82,993.3,993.82,864.1,869.77,129.72,0.15,1140.01,148.8,1843.69,1842.8,1843.69,1445.8,1561.58,397.89,0.28,2165.98,467.44
2003,2775.64,2747.1,2775.64,2527.24,2574.96,248.39,0.1,3549.99,317.69,1005.66,995.3,1005.66,869.88,877.0,135.78,0.16,1145.93,154.72,1615.17,1598.5,1615.17,1457.29,1555.83,157.89,0.11,1882.56,184.02
2004,3040.61,2764.1,3040.61,2560.82,2727.01,479.79,0.19,3837.9,605.6,1070.75,968.5,1070.75,875.65,906.51,195.1,0.22,1212.05,220.84,1687.35,1599.9,1687.35,1468.77,1542.37,218.58,0.15,1951.31,252.77
2005,3231.97,2943.4,3231.97,2594.39,2780.25,637.58,0.25,4026.65,794.35,797.17,761.0,797.17,881.43,894.99,-84.27,-0.1,896.45,-94.76,1527.0,1585.9,1527.0,1480.26,1584.48,46.74,0.03,1752.17,53.63
2006,2549.7,3079.4,2549.7,2627.96,2861.56,-78.26,-0.03,3136.04,-96.26,769.19,1038.5,769.19,887.21,877.69,-118.02,-0.13,859.35,-131.85,1352.84,1839.7,1352.84,1491.75,1554.54,-138.92,-0.09,1540.36,-158.17
2007,2942.71,2910.7,2942.71,2661.54,2952.34,281.17,0.11,3573.76,341.47,885.73,876.1,885.73,892.99,856.88,-7.26,-0.01,983.15,-8.05,1547.47,1530.7,1547.47,1503.24,1547.09,44.24,0.03,1748.52,49.98
2008,3426.72,3389.5,3426.72,2695.11,3021.41,731.61,0.27,4109.72,877.43,892.24,882.5,892.24,898.77,850.96,-6.53,-0.01,984.01,-7.2,1407.58,1389.9,1407.58,1514.73,1496.3,-107.14,-0.07,1578.39,-120.15
2009,3037.15,3004.1,3037.15,2728.69,3041.69,308.46,0.11,3597.69,365.39,778.29,769.8,778.29,904.54,849.74,-126.25,-0.14,852.86,-138.35,1732.1,1713.3,1732.1,1526.21,1502.94,205.89,0.13,1927.67,229.13
2010,3061.63,3025.3,3061.63,2762.26,2998.27,299.37,0.11,3582.61,350.31,703.85,695.5,703.85,910.32,842.1,-206.47,-0.23,766.39,-224.82,1286.9,1720.1,1286.9,1537.7,1506.68,-250.8,-0.16,1421.5,-277.04
2011,2851.91,2818.1,2851.91,2795.83,2929.19,56.07,0.02,3297.12,64.83,672.09,664.1,672.09,916.1,849.38,-244.01,-0.27,727.19,-264.01,1470.79,1453.4,1470.79,1549.19,1480.1,-78.4,-0.05,1612.58,-85.96
2012,3296.07,3258.0,3296.07,2829.41,2982.12,466.67,0.16,3765.41,533.12,934.61,923.8,934.61,921.88,870.73,12.73,0.01,1004.9,13.69,1335.8,1320.4,1335.8,1560.68,1492.89,-224.88,-0.14,1453.79,-244.75
2013,2978.45,2946.1,2978.45,2862.98,3010.35,115.46,0.04,3362.66,130.36,993.48,982.7,993.48,927.65,879.51,65.83,0.07,1061.55,70.34,1681.55,1663.3,1681.55,1572.17,1486.23,109.39,0.07,1816.71,118.18
2014,2606.43,2606.4,2606.43,2896.56,2923.83,-290.13,-0.1,2908.54,-323.76,994.39,994.4,994.39,933.43,886.47,60.96,0.07,1055.94,64.73,1724.77,1724.8,1724.77,1583.65,1505.38,141.11,0.09,1849.88,151.35
2015,2541.09,2511.0,2541.09,2930.13,2920.83,-389.04,-0.13,2803.14,-429.16,869.95,845.8,869.95,939.21,912.31,-69.26,-0.07,918.12,-73.09,1261.2,1246.3,1261.2,1595.14,1503.08,-333.94,-0.21,1342.95,-355.59
2016,3079.03,3042.5,3079.03,2963.7,2909.56,115.33,0.04,3358.08,125.78,982.68,971.0,982.68,944.99,937.12,37.7,0.04,1030.75,39.54,1480.69,1463.1,1480.69,1606.63,1538.15,-125.94,-0.08,1565.39,-133.15
2017,3224.98,3186.7,3224.98,2997.28,2945.89,227.7,0.08,3477.85,245.56,973.55,962.0,973.55,950.76,979.41,22.78,0.02,1014.96,23.75,1480.95,1463.4,1480.95,1618.12,1561.71,-137.17,-0.08,1554.55,-143.98
2018,2561.58,2531.2,2561.58,3030.85,2915.24,-469.27,-0.15,2731.84,-500.46,961.76,950.3,961.76,956.54,988.5,5.21,0.01,996.61,5.4,1599.01,1580.0,1599.01,1629.61,1606.03,-30.6,-0.02,1666.64,-31.89
2019,3007.16,2971.5,3007.16,3064.43,2918.45,-57.27,-0.02,3171.89,-60.4,1036.71,1024.4,1036.71,962.32,987.76,74.39,0.08,1067.83,76.63,1709.18,1688.9,1709.18,1641.09,1604.76,68.08,0.04,1769.0,70.46
2020,2948.93,2949.4,2948.93,3098.0,2966.23,-149.07,-0.05,3076.77,-155.53,951.98,857.1,951.98,968.1,987.16,-16.12,-0.02,974.71,-16.5,1637.61,1635.0,1637.61,1652.58,1593.6,-14.98,-0.01,1683.14,-15.39
2021,3215.2,3177.1,3215.2,3131.57,3013.46,83.62,0.03,3318.61,86.31,1094.94,1082.0,1094.94,973.87,1000.18,121.07,0.12,1114.43,123.22,1706.37,1686.1,1706.37,1664.07,1630.54,42.29,0.03,1741.71,43.17
2022,2989.58,2953.8,2989.58,3165.15,3005.27,-175.57,-0.06,3053.0,-179.29,1025.59,1013.4,1025.59,979.65,1002.37,45.94,0.05,1037.68,46.48,1778.94,1757.8,1778.94,1675.56,1649.27,103.38,0.06,1803.33,104.8
2023,,3010.5,3010.5,3198.72,2973.88,-188.22,-0.06,3042.1,-190.2,,986.1,986.1,985.43,1006.48,0.67,0.0,991.88,0.67,,1668.9,1668.9,1687.05,1673.31,-18.15,-0.01,1680.26,-18.27
2024,,3084.2,3084.2,3232.3,3042.6,-148.1,-0.05,3084.2,-148.1,,988.3,988.3,991.21,1013.94,-2.91,-0.0,988.3,-2.91,,1613.2,1613.2,1698.54,1685.7,-85.34,-0.05,1613.2,-85.34
